seed,phase,percent_so_sm,percent_os_sm,percent_none_sm,percent_long,percent_short,condition
1433,0,45.45454545454545,44.4253859348199,10.120068610634648,50.57251908396946,49.42748091603054,BaseNoise
1433,30,29.245283018867923,64.57975986277873,6.174957118353345,31.17001828153565,68.82998171846435,BaseNoise
1433,60,7.375643224699828,88.07890222984562,4.545454545454546,7.726864330637915,92.27313566936208,BaseNoise
1437,0,46.18717504332756,44.71403812824957,9.098786828422876,50.810295519542414,49.18970448045758,BaseNoise
1437,30,23.91681109185442,71.31715771230502,4.766031195840554,25.113739763421293,74.88626023657869,BaseNoise
1437,60,2.859618717504333,94.0207972270364,3.119584055459272,2.9516994633273708,97.04830053667263,BaseNoise
4434,0,36.769759450171826,45.103092783505154,18.127147766323024,44.91080797481637,55.08919202518363,BaseNoise
4434,30,9.36426116838488,87.54295532646049,3.0927835051546393,9.663120567375886,90.3368794326241,BaseNoise
4434,60,0.1718213058419244,96.56357388316151,3.264604810996564,0.17761989342806392,99.82238010657193,BaseNoise
4432,0,48.68977176669485,40.490278951817416,10.819949281487743,54.59715639810426,45.40284360189574,BaseNoise
4432,30,21.978021978021978,70.9213863060017,7.100591715976331,23.657870791628753,76.34212920837125,BaseNoise
4432,60,4.902789518174133,91.63144547759933,3.4657650042265424,5.078809106830122,94.92119089316988,BaseNoise
3436,0,45.92274678111588,41.37339055793991,12.703862660944207,52.60570304818092,47.39429695181907,BaseNoise
3436,30,39.65665236051502,51.33047210300429,9.012875536480687,43.58490566037736,56.41509433962264,BaseNoise
3436,60,4.721030042918455,86.52360515021459,8.755364806866952,5.17403574788335,94.82596425211665,BaseNoise
2431,0,40.533562822719446,43.631669535284,15.834767641996558,48.15950920245399,51.840490797546025,BaseNoise
2431,30,22.547332185886404,72.46127366609294,4.991394148020654,23.731884057971016,76.26811594202898,BaseNoise
2431,60,2.9259896729776247,95.43889845094664,1.6351118760757317,2.974628171478565,97.02537182852143,BaseNoise
1436,0,43.189655172413794,48.62068965517241,8.189655172413794,47.04225352112676,52.95774647887323,BaseNoise
1436,30,14.482758620689657,79.05172413793103,6.4655172413793105,15.48387096774194,84.51612903225806,BaseNoise
1436,60,0.25862068965517243,95.25862068965517,4.482758620689655,0.2707581227436823,99.72924187725631,BaseNoise
1438,0,48.02405498281787,39.776632302405496,12.199312714776632,54.696673189823876,45.30332681017612,BaseNoise
1438,30,15.549828178694158,78.09278350515464,6.357388316151202,16.605504587155963,83.39449541284404,BaseNoise
1438,60,1.202749140893471,93.55670103092784,5.240549828178694,1.2692656391659112,98.73073436083408,BaseNoise
2436,0,44.69565217391304,43.826086956521735,11.478260869565217,50.49115913555992,49.508840864440074,BaseNoise
2436,30,62.17391304347826,33.30434782608695,4.521739130434783,65.1183970856102,34.881602914389795,BaseNoise
2436,60,55.47826086956522,42.78260869565217,1.7391304347826086,56.46017699115045,43.53982300884955,BaseNoise
4436,0,42.90687554395126,44.38642297650131,12.706701479547434,49.15254237288135,50.84745762711865,BaseNoise
4436,30,27.93733681462141,65.10008703220191,6.962576153176675,30.02806361085127,69.97193638914874,BaseNoise
4436,60,10.008703220191471,86.68407310704961,3.307223672758921,10.35103510351035,89.64896489648964,BaseNoise
3431,0,35.45064377682404,52.53218884120172,12.017167381974248,40.29268292682927,59.70731707317074,BaseNoise
3431,30,27.811158798283266,67.72532188841201,4.463519313304721,29.110512129380055,70.88948787061994,BaseNoise
3431,60,9.785407725321889,87.38197424892704,2.832618025751073,10.070671378091873,89.92932862190813,BaseNoise
3432,0,42.8936170212766,42.38297872340426,14.72340425531915,50.29940119760479,49.700598802395206,BaseNoise
3432,30,42.5531914893617,52.255319148936174,5.191489361702128,44.88330341113106,55.11669658886894,BaseNoise
3432,60,32.93617021276596,64.0,3.0638297872340425,33.977172958735736,66.02282704126426,BaseNoise
1439,0,44.153577661431065,40.31413612565445,15.532286212914483,52.27272727272727,47.72727272727273,BaseNoise
1439,30,31.50087260034904,55.497382198952884,13.001745200698082,36.2086258776329,63.7913741223671,BaseNoise
1439,60,17.452006980802793,78.62129144851659,3.926701570680628,18.1653042688465,81.83469573115349,BaseNoise
2433,0,40.531276778063415,44.13024850042845,15.338474721508142,47.874493927125506,52.125506072874494,BaseNoise
2433,30,32.73350471293916,62.46786632390745,4.7986289631533845,34.383438343834385,65.61656165616562,BaseNoise
2433,60,3.2562125107112254,86.20394173093402,10.539845758354756,3.6398467432950192,96.36015325670499,BaseNoise
3430,0,48.06201550387597,44.6167097329888,7.321274763135229,51.85873605947955,48.14126394052044,BaseNoise
3430,30,25.75366063738157,69.76744186046511,4.478897502153316,26.961226330027056,73.03877366997294,BaseNoise
3430,60,6.546080964685616,91.04220499569337,2.4117140396210166,6.707855251544571,93.29214474845543,BaseNoise
4437,0,40.74717636837533,42.658557775847086,16.594265855777586,48.85416666666668,51.145833333333336,BaseNoise
4437,30,22.241529105125977,70.19982623805386,7.558644656820157,24.060150375939852,75.93984962406014,BaseNoise
4437,60,3.127715030408341,93.31016507384882,3.5621198957428324,3.2432432432432443,96.75675675675676,BaseNoise
3439,0,37.22126929674099,56.089193825042884,6.689536878216123,39.88970588235294,60.110294117647065,BaseNoise
3439,30,9.262435677530018,87.82161234991423,2.9159519725557463,9.540636042402827,90.45936395759718,BaseNoise
3439,60,0.2572898799313894,98.11320754716981,1.6295025728987993,0.2615518744551003,99.73844812554489,BaseNoise
3438,0,39.03281519861831,48.01381692573403,12.953367875647666,44.84126984126984,55.158730158730165,BaseNoise
3438,30,43.86873920552677,48.44559585492228,7.68566493955095,47.52104770813845,52.47895229186156,BaseNoise
3438,60,33.41968911917099,61.6580310880829,4.922279792746114,35.14986376021799,64.850136239782,BaseNoise
3435,0,46.431642304385214,38.17712811693895,15.391229578675839,54.87804878048781,45.1219512195122,BaseNoise
3435,30,14.875322441960448,81.94325021496131,3.181427343078246,15.364120781527529,84.63587921847247,BaseNoise
3435,60,0.9458297506448838,94.5829750644884,4.471195184866724,0.99009900990099,99.00990099009901,BaseNoise
4438,0,42.96610169491525,44.83050847457627,12.203389830508476,48.93822393822394,51.061776061776065,BaseNoise
4438,30,19.915254237288135,76.86440677966102,3.2203389830508473,20.577933450087563,79.42206654991243,BaseNoise
4438,60,6.610169491525424,91.69491525423729,1.694915254237288,6.724137931034482,93.27586206896552,BaseNoise
2430,0,41.328731665228645,40.98360655737705,17.687661777394307,50.20964360587003,49.79035639412999,BaseNoise
2430,30,36.9283865401208,58.15358067299397,4.918032786885246,38.83847549909255,61.16152450090744,BaseNoise
2430,60,21.311475409836063,74.63330457290768,4.055220017256255,22.212230215827336,77.78776978417267,BaseNoise
1431,0,29.77815699658703,49.232081911262796,20.989761092150168,37.6889848812095,62.31101511879049,BaseNoise
1431,30,29.09556313993174,63.907849829351534,6.996587030716723,31.28440366972477,68.71559633027523,BaseNoise
1431,60,2.5597269624573378,94.6245733788396,2.8156996587030716,2.6338893766461804,97.36611062335383,BaseNoise
2437,0,38.860103626943,45.509499136442145,15.630397236614854,46.059365404298866,53.940634595701134,BaseNoise
2437,30,15.544041450777202,75.56131260794473,8.894645941278066,17.061611374407583,82.93838862559242,BaseNoise
2437,60,1.0362694300518136,97.06390328151986,1.8998272884283247,1.0563380281690142,98.94366197183099,BaseNoise
4433,0,39.69335604770017,43.35604770017036,16.950596252129472,47.794871794871796,52.205128205128204,BaseNoise
4433,30,28.36456558773424,66.6098807495741,5.025553662691652,29.86547085201794,70.13452914798208,BaseNoise
4433,60,6.218057921635435,91.14139693356049,2.6405451448040886,6.386701662292213,93.61329833770779,BaseNoise
3434,0,44.03433476394849,49.871244635193136,6.094420600858369,46.89213893967093,53.10786106032908,BaseNoise
3434,30,25.75107296137339,69.95708154506438,4.291845493562231,26.905829596412552,73.09417040358744,BaseNoise
3434,60,4.549356223175965,92.44635193133047,3.004291845493562,4.6902654867256635,95.30973451327434,BaseNoise
1435,0,41.996557659208264,45.352839931153184,12.650602409638553,48.07881773399015,51.92118226600984,BaseNoise
1435,30,3.2702237521514634,91.56626506024097,5.163511187607573,3.4482758620689653,96.55172413793103,BaseNoise
1435,60,0.17211703958691912,98.45094664371773,1.376936316695353,0.17452006980802792,99.82547993019197,BaseNoise
1434,0,32.76304533789563,53.72112917023097,13.515825491873395,37.88328387734916,62.11671612265084,BaseNoise
1434,30,2.5662959794696323,93.07100085543199,4.362703165098375,2.683363148479428,97.31663685152057,BaseNoise
1434,60,0.0,98.46022241231822,1.5397775876817792,0.0,100.0,BaseNoise
2434,0,42.22027972027972,40.909090909090914,16.87062937062937,50.78864353312302,49.21135646687697,BaseNoise
2434,30,34.61538461538461,56.64335664335665,8.741258741258742,37.93103448275862,62.068965517241395,BaseNoise
2434,60,27.0979020979021,68.00699300699301,4.895104895104895,28.49264705882353,71.50735294117646,BaseNoise
2439,0,50.689655172413794,43.189655172413794,6.120689655172414,53.994490358126725,46.005509641873275,BaseNoise
2439,30,27.75862068965517,67.32758620689656,4.913793103448276,29.193109700815956,70.80689029918405,BaseNoise
2439,60,2.1551724137931036,94.6551724137931,3.189655172413793,2.2261798753339272,97.77382012466606,BaseNoise
3437,0,37.5,51.54109589041096,10.95890410958904,42.11538461538461,57.88461538461538,BaseNoise
3437,30,32.36301369863014,64.21232876712328,3.4246575342465753,33.51063829787235,66.48936170212765,BaseNoise
3437,60,11.13013698630137,86.81506849315068,2.054794520547945,11.363636363636365,88.63636363636364,BaseNoise
4435,0,38.02575107296137,51.50214592274678,10.472103004291846,42.47363374880153,57.52636625119847,BaseNoise
4435,30,33.047210300429185,54.506437768240346,12.446351931330472,37.745098039215684,62.254901960784316,BaseNoise
4435,60,4.206008583690987,93.47639484978541,2.317596566523605,4.3057996485061505,95.69420035149385,BaseNoise
2435,0,37.510656436487636,47.570332480818415,14.919011082693947,44.0881763527054,55.91182364729459,BaseNoise
2435,30,4.6888320545609545,88.57630008525149,6.734867860187553,5.027422303473492,94.97257769652651,BaseNoise
2435,60,0.5115089514066496,98.12446717817562,1.3640238704177323,0.5185825410544511,99.48141745894554,BaseNoise
3433,0,38.48122866894198,46.92832764505119,14.590443686006827,45.05494505494506,54.94505494505495,BaseNoise
3433,30,20.13651877133106,74.82935153583618,5.034129692832765,21.20395327942498,78.79604672057503,BaseNoise
3433,60,1.7064846416382253,97.61092150170649,0.6825938566552902,1.718213058419244,98.28178694158075,BaseNoise
2438,0,48.821548821548824,35.26936026936027,15.909090909090908,58.05805805805806,41.94194194194194,BaseNoise
2438,30,75.42087542087542,19.19191919191919,5.387205387205387,79.71530249110322,20.284697508896798,BaseNoise
2438,60,91.16161616161617,6.565656565656567,2.272727272727273,93.28165374677002,6.718346253229974,BaseNoise
2432,0,40.549828178694156,42.09621993127148,17.353951890034363,49.064449064449065,50.935550935550935,BaseNoise
2432,30,26.54639175257732,61.855670103092784,11.597938144329897,30.029154518950442,69.97084548104957,BaseNoise
2432,60,14.690721649484537,78.00687285223368,7.302405498281788,15.848007414272475,84.15199258572753,BaseNoise
4431,0,35.98615916955018,51.12456747404844,12.889273356401384,41.3108242303873,58.68917576961271,BaseNoise
4431,30,20.069204152249135,73.44290657439446,6.487889273356401,21.461609620721557,78.53839037927845,BaseNoise
4431,60,6.055363321799308,91.26297577854672,2.6816608996539792,6.222222222222222,93.77777777777779,BaseNoise
4439,0,48.497854077253216,45.836909871244636,5.665236051502146,51.41037306642402,48.58962693357598,BaseNoise
4439,30,24.8068669527897,70.04291845493562,5.150214592274678,26.153846153846157,73.84615384615384,BaseNoise
4439,60,3.6909871244635193,92.96137339055794,3.347639484978541,3.818827708703375,96.18117229129662,BaseNoise
1430,0,49.366018596787825,41.42011834319527,9.213863060016907,54.37616387337057,45.62383612662943,BaseNoise
1430,30,22.992392223161453,72.18934911242604,4.818258664412511,24.15630550621669,75.8436944937833,BaseNoise
1430,60,2.53592561284869,93.32206255283178,4.142011834319527,2.6455026455026456,97.35449735449735,BaseNoise
4430,0,44.52173913043478,46.608695652173914,8.869565217391303,48.85496183206107,51.145038167938935,BaseNoise
4430,30,25.565217391304344,66.6086956521739,7.82608695652174,27.735849056603772,72.26415094339623,BaseNoise
4430,60,7.391304347826087,87.04347826086956,5.565217391304348,7.826887661141805,92.17311233885819,BaseNoise
1432,0,44.575273338940285,47.35071488645921,8.074011774600505,48.4903934126258,51.5096065873742,BaseNoise
1432,30,39.44491169049621,50.88309503784693,9.671993271656856,43.66852886405959,56.33147113594041,BaseNoise
1432,60,20.689655172413794,74.60050462573591,4.7098402018502945,21.71226831421006,78.28773168578994,BaseNoise
3435,0,38.607050730868444,54.686156491831476,6.706792777300086,41.38248847926267,58.61751152073733,HighNoise
3435,30,7.480653482373173,88.65004299226139,3.869303525365434,7.78175313059034,92.21824686940965,HighNoise
3435,60,1.0318142734307825,96.90455717970765,2.063628546861565,1.0535557506584723,98.94644424934152,HighNoise
4437,0,45.78627280625543,45.61251086012164,8.601216333622936,50.09505703422054,49.90494296577947,HighNoise
4437,30,18.766290182450042,66.29018245004345,14.943527367506515,22.06332992849846,77.93667007150152,HighNoise
4437,60,1.6507384882710685,92.61511728931364,5.734144222415291,1.7511520737327184,98.24884792626727,HighNoise
4433,0,39.522998296422486,37.734241908006815,22.7427597955707,51.15766262403527,48.84233737596472,HighNoise
4433,30,13.798977853492334,80.57921635434411,5.621805792163544,14.620938628158846,85.37906137184116,HighNoise
4433,60,1.4480408858603067,95.99659284497444,2.555366269165247,1.486013986013986,98.51398601398601,HighNoise
1432,0,38.603868797308664,53.32211942809083,8.074011774600505,41.99451052150046,58.00548947849954,HighNoise
1432,30,21.6148023549201,70.89991589571069,7.485281749369217,23.36363636363636,76.63636363636364,HighNoise
1432,60,7.064760302775442,88.22539949537426,4.7098402018502945,7.413945278022949,92.58605472197705,HighNoise
1435,0,40.36144578313253,37.52151462994836,22.117039586919105,51.8232044198895,48.17679558011049,HighNoise
1435,30,11.790017211703958,82.87435456110155,5.335628227194492,12.454545454545455,87.54545454545455,HighNoise
1435,60,1.2048192771084338,92.08261617900172,6.712564543889846,1.2915129151291516,98.70848708487085,HighNoise
2430,0,45.038826574633305,40.29335634167386,14.667817083692839,52.78058645096056,47.21941354903944,HighNoise
2430,30,10.440034512510785,81.0181190681622,8.541846419327007,11.415094339622641,88.58490566037737,HighNoise
2430,60,0.9490940465918896,94.04659188955996,5.0043140638481445,0.9990917347865577,99.00090826521344,HighNoise
1433,0,39.708404802744425,50.686106346483704,9.605488850771868,43.92789373814042,56.07210626185959,HighNoise
1433,30,10.806174957118353,82.93310463121783,6.260720411663807,11.527904849039341,88.47209515096066,HighNoise
1433,60,1.5437392795883362,91.852487135506,6.60377358490566,1.6528925619834711,98.34710743801652,HighNoise
3438,0,47.75474956822107,31.001727115716754,21.243523316062177,60.635964912280706,39.3640350877193,HighNoise
3438,30,13.557858376511225,79.70639032815198,6.7357512953367875,14.537037037037038,85.46296296296296,HighNoise
3438,60,2.5043177892918824,93.52331606217616,3.9723661485319512,2.607913669064748,97.39208633093524,HighNoise
3432,0,45.02127659574468,46.638297872340424,8.340425531914894,49.11792014856081,50.88207985143918,HighNoise
3432,30,26.72340425531915,62.29787234042553,10.97872340425532,30.019120458891013,69.98087954110899,HighNoise
3432,60,4.595744680851064,92.34042553191489,3.0638297872340425,4.741000877963126,95.25899912203687,HighNoise
4435,0,37.76824034334764,44.54935622317597,17.682403433476395,45.88112617309698,54.11887382690303,HighNoise
4435,30,27.124463519313302,63.00429184549357,9.871244635193133,30.09523809523809,69.90476190476191,HighNoise
4435,60,13.390557939914164,82.3175965665236,4.291845493562231,13.99103139013453,86.00896860986548,HighNoise
2434,0,41.34615384615385,47.72727272727273,10.926573426573427,46.4180569185476,53.5819430814524,HighNoise
2434,30,19.58041958041958,71.5034965034965,8.916083916083917,21.497120921305182,78.50287907869482,HighNoise
2434,60,1.3986013986013985,96.15384615384616,2.4475524475524475,1.4336917562724012,98.56630824372759,HighNoise
4438,0,39.32203389830509,51.271186440677965,9.40677966101695,43.40505144995323,56.594948550046766,HighNoise
4438,30,37.6271186440678,55.254237288135585,7.118644067796611,40.510948905109494,59.48905109489051,HighNoise
4438,60,15.338983050847457,77.79661016949152,6.864406779661017,16.469517743403095,83.53048225659691,HighNoise
1437,0,45.92720970537262,42.287694974003465,11.785095320623917,52.062868369351676,47.93713163064833,HighNoise
1437,30,20.27729636048527,68.4575389948007,11.265164644714037,22.8515625,77.1484375,HighNoise
1437,60,1.2998266897746966,95.49393414211438,3.2062391681109186,1.3428827215756491,98.65711727842435,HighNoise
2437,0,31.519861830742656,48.01381692573403,20.466321243523318,39.630836047774146,60.36916395222583,HighNoise
2437,30,3.0224525043177892,89.11917098445595,7.858376511226252,3.280224929709466,96.71977507029054,HighNoise
2437,60,0.17271157167530224,94.64594127806562,5.181347150259067,0.18214936247723132,99.81785063752277,HighNoise
2436,0,47.30434782608695,40.0,12.695652173913045,54.18326693227091,45.81673306772909,HighNoise
2436,30,20.26086956521739,70.69565217391305,9.043478260869566,22.27533460803059,77.72466539196941,HighNoise
2436,60,10.695652173913043,85.91304347826086,3.3913043478260874,11.071107110711072,88.92889288928892,HighNoise
2432,0,31.185567010309278,28.436426116838486,40.37800687285223,52.30547550432277,47.694524495677236,HighNoise
2432,30,9.70790378006873,72.76632302405498,17.525773195876287,11.770833333333334,88.22916666666666,HighNoise
2432,60,1.202749140893471,94.15807560137456,4.639175257731959,1.2612612612612615,98.73873873873875,HighNoise
4434,0,42.18213058419244,47.42268041237113,10.395189003436426,47.075743048897415,52.92425695110259,HighNoise
4434,30,21.1340206185567,63.745704467353946,15.120274914089347,24.898785425101213,75.10121457489878,HighNoise
4434,60,1.8900343642611683,94.67353951890034,3.436426116838488,1.9572953736654803,98.04270462633453,HighNoise
4439,0,49.27038626609442,38.197424892703864,12.532188841201716,56.329735034347394,43.6702649656526,HighNoise
4439,30,11.50214592274678,85.23605150214593,3.2618025751072963,11.88997338065661,88.1100266193434,HighNoise
4439,60,1.4592274678111588,95.0214592274678,3.51931330472103,1.512455516014235,98.48754448398577,HighNoise
3431,0,41.37339055793991,41.88841201716738,16.738197424892704,49.69072164948454,50.30927835051546,HighNoise
3431,30,3.862660944206009,83.43347639484978,12.703862660944207,4.424778761061948,95.57522123893804,HighNoise
3431,60,0.7725321888412017,96.99570815450643,2.2317596566523603,0.7901668129938543,99.20983318700614,HighNoise
1430,0,39.89856297548605,41.50464919695689,18.59678782755706,49.0134994807892,50.9865005192108,HighNoise
1430,30,7.3541842772612,83.77007607776838,8.875739644970414,8.070500927643785,91.92949907235621,HighNoise
1430,60,1.098901098901099,96.36517328825022,2.53592561284869,1.1274934952298354,98.87250650477016,HighNoise
3434,0,46.437768240343345,44.63519313304721,8.927038626609441,50.98963242224317,49.01036757775684,HighNoise
3434,30,28.92703862660944,58.884120171673814,12.188841201716738,32.94232649071358,67.0576735092864,HighNoise
3434,60,8.412017167381974,89.01287553648068,2.575107296137339,8.634361233480178,91.36563876651982,HighNoise
3433,0,31.399317406143346,43.77133105802048,24.829351535836178,41.77071509648127,58.22928490351872,HighNoise
3433,30,4.266211604095563,90.27303754266211,5.460750853242321,4.512635379061372,95.48736462093864,HighNoise
3433,60,0.17064846416382254,98.80546075085324,1.023890784982935,0.1724137931034483,99.82758620689656,HighNoise
1439,0,33.85689354275742,40.31413612565445,25.82897033158813,45.647058823529406,54.35294117647058,HighNoise
1439,30,8.987783595113438,81.239092495637,9.773123909249563,9.961315280464216,90.03868471953578,HighNoise
1439,60,0.0,96.42233856893543,3.5776614310645725,0.0,100.0,HighNoise
3437,0,45.11986301369863,39.726027397260275,15.154109589041095,53.17860746720484,46.82139253279516,HighNoise
3437,30,24.743150684931507,72.00342465753424,3.2534246575342465,25.575221238938056,74.42477876106194,HighNoise
3437,60,3.1678082191780823,94.6917808219178,2.1404109589041096,3.2370953630796153,96.76290463692038,HighNoise
4431,0,38.84083044982699,51.29757785467128,9.86159169550173,43.09021113243762,56.90978886756238,HighNoise
4431,30,17.474048442906575,72.49134948096886,10.034602076124568,19.42307692307692,80.57692307692308,HighNoise
4431,60,4.065743944636678,90.3114186851211,5.622837370242214,4.307974335472044,95.69202566452796,HighNoise
2431,0,42.426850258175556,43.54561101549053,14.027538726333907,49.349349349349346,50.650650650650654,HighNoise
2431,30,12.650602409638553,72.63339070567987,14.716006884681585,14.833501513622602,85.16649848637739,HighNoise
2431,60,1.0327022375215147,93.45955249569707,5.507745266781412,1.092896174863388,98.90710382513662,HighNoise
4432,0,54.09974640743872,31.107354184277263,14.792899408284024,63.49206349206349,36.507936507936506,HighNoise
4432,30,31.614539306847,61.284868977176664,7.100591715976331,34.03093721565059,65.9690627843494,HighNoise
4432,60,12.595097210481827,84.19273034657651,3.2121724429416734,13.01310043668122,86.98689956331877,HighNoise
1434,0,33.875106928999145,47.98973481608212,18.135158254918736,41.37931034482759,58.620689655172406,HighNoise
1434,30,1.2831479897348161,86.39863130881095,12.318220701454234,1.4634146341463417,98.53658536585365,HighNoise
1434,60,0.0855431993156544,98.63130881094952,1.2831479897348161,0.08665511265164645,99.91334488734836,HighNoise
2439,0,40.43103448275862,42.32758620689655,17.24137931034483,48.854166666666664,51.14583333333332,HighNoise
2439,30,38.62068965517241,55.86206896551724,5.517241379310345,40.87591240875913,59.12408759124087,HighNoise
2439,60,24.913793103448274,70.6896551724138,4.396551724137931,26.0595130748422,73.9404869251578,HighNoise
4436,0,40.382941688424715,36.64055700609226,22.97650130548303,52.429378531073446,47.57062146892656,HighNoise
4436,30,19.930374238468232,69.88685813751087,10.182767624020887,22.189922480620154,77.81007751937985,HighNoise
4436,60,1.9147084421235856,95.47432550043517,2.610966057441253,1.9660411081322609,98.03395889186774,HighNoise
2435,0,38.02216538789428,43.052003410059676,18.925831202046037,46.89800210304942,53.10199789695058,HighNoise
2435,30,11.84995737425405,81.67092924126173,6.479113384484228,12.670920692798541,87.32907930720147,HighNoise
2435,60,0.937766410912191,94.11764705882352,4.94458653026428,0.9865470852017938,99.01345291479821,HighNoise
3439,0,39.708404802744425,50.34305317324185,9.948542024013722,44.0952380952381,55.90476190476191,HighNoise
3439,30,7.461406518010291,84.81989708404802,7.718696397941681,8.085501858736059,91.91449814126393,HighNoise
3439,60,0.5145797598627788,97.77015437392797,1.7152658662092626,0.5235602094240838,99.47643979057591,HighNoise
1438,0,43.470790378006875,40.63573883161512,15.893470790378005,51.68539325842697,48.31460674157304,HighNoise
1438,30,9.879725085910653,77.40549828178695,12.714776632302405,11.318897637795276,88.68110236220474,HighNoise
1438,60,0.859106529209622,95.96219931271477,3.178694158075601,0.8873114463176575,99.11268855368233,HighNoise
3436,0,47.38197424892704,40.772532188841204,11.84549356223176,53.74878286270691,46.25121713729309,HighNoise
3436,30,49.27038626609442,41.03004291845493,9.699570815450643,54.562737642585546,45.43726235741444,HighNoise
3436,60,36.39484978540772,57.25321888412017,6.3519313304721035,38.86342804766269,61.136571952337306,HighNoise
1431,0,39.07849829351536,49.40273037542662,11.518771331058021,44.165863066538094,55.834136933461906,HighNoise
1431,30,8.959044368600683,75.42662116040955,15.61433447098976,10.616784630940344,89.38321536905966,HighNoise
1431,60,0.5972696245733788,98.03754266211604,1.3651877133105803,0.6055363321799307,99.39446366782006,HighNoise
2433,0,40.616966580976865,44.30162810625535,15.081405312767782,47.83047426841575,52.16952573158425,HighNoise
2433,30,17.223650385604113,71.89374464438731,10.882604970008568,19.326923076923077,80.67307692307692,HighNoise
2433,60,3.941730934018852,90.48843187660668,5.569837189374464,4.174228675136117,95.82577132486388,HighNoise
1436,0,43.275862068965516,45.3448275862069,11.379310344827587,48.83268482490272,51.16731517509727,HighNoise
1436,30,37.67241379310345,52.672413793103445,9.655172413793103,41.698473282442755,58.30152671755725,HighNoise
1436,60,18.189655172413794,78.1896551724138,3.620689655172414,18.87298747763864,81.12701252236137,HighNoise
2438,0,47.72727272727273,37.03703703703704,15.235690235690235,56.305858987090375,43.69414101290964,HighNoise
2438,30,21.885521885521886,59.34343434343434,18.77104377104377,26.94300518134715,73.05699481865285,HighNoise
2438,60,2.9461279461279464,88.2996632996633,8.754208754208754,3.228782287822879,96.77121771217713,HighNoise
3430,0,47.80361757105943,42.9801894918174,9.21619293712317,52.656546489563574,47.34345351043643,HighNoise
3430,30,13.350559862187769,80.87855297157623,5.770887166236004,14.168190127970751,85.83180987202925,HighNoise
3430,60,3.1869078380706286,93.3677863910422,3.4453057708871664,3.300624442462088,96.69937555753792,HighNoise
4430,0,43.21739130434782,31.30434782608696,25.47826086956522,57.992998833138856,42.00700116686115,HighNoise
4430,30,16.26086956521739,78.08695652173913,5.6521739130434785,17.235023041474655,82.76497695852535,HighNoise
4430,60,6.434782608695652,90.95652173913044,2.608695652173913,6.607142857142858,93.39285714285714,HighNoise
3431,0,40.17167381974249,42.832618025751074,16.995708154506435,48.3971044467425,51.6028955532575,LowSpkCapacity
3431,30,0.08583690987124463,71.84549356223175,28.068669527896994,0.11933174224343676,99.88066825775655,LowSpkCapacity
3431,60,0.0,96.7381974248927,3.2618025751072963,0.0,100.0,LowSpkCapacity
1431,0,27.64505119453925,39.419795221843,32.93515358361775,41.221374045801525,58.778625954198475,LowSpkCapacity
1431,30,0.0,91.55290102389078,8.447098976109215,0.0,100.0,LowSpkCapacity
1431,60,0.0,96.24573378839591,3.754266211604096,0.0,100.0,LowSpkCapacity
1430,0,33.89687235841082,43.956043956043956,22.147083685545223,43.53963083604777,56.46036916395223,LowSpkCapacity
1430,30,0.25359256128486896,87.82755705832629,11.918850380388841,0.2879078694817658,99.71209213051823,LowSpkCapacity
1430,60,0.0,96.28064243448858,3.7193575655114115,0.0,100.0,LowSpkCapacity
2431,0,38.64027538726334,42.25473321858864,19.104991394148023,47.76595744680851,52.234042553191486,LowSpkCapacity
2431,30,0.6024096385542169,88.03786574870912,11.359724612736661,0.6796116504854369,99.32038834951456,LowSpkCapacity
2431,60,0.0,94.32013769363166,5.679862306368331,0.0,100.0,LowSpkCapacity
4434,0,35.223367697594504,35.99656357388316,28.780068728522334,49.45717732207479,50.5428226779252,LowSpkCapacity
4434,30,8.419243986254296,75.08591065292096,16.49484536082474,10.08230452674897,89.91769547325103,LowSpkCapacity
4434,60,1.2886597938144329,91.49484536082474,7.216494845360824,1.3888888888888888,98.61111111111111,LowSpkCapacity
1432,0,41.46341463414634,46.930193439865434,11.606391925988225,46.90770694576593,53.09229305423406,LowSpkCapacity
1432,30,25.147182506307818,47.1825063078217,27.670311185870478,34.76744186046511,65.23255813953489,LowSpkCapacity
1432,60,16.14802354920101,74.76871320437343,9.083263246425567,17.76133209990749,82.2386679000925,LowSpkCapacity
4430,0,31.91304347826087,34.869565217391305,33.21739130434783,47.786458333333336,52.21354166666667,LowSpkCapacity
4430,30,3.130434782608696,73.82608695652173,23.043478260869566,4.067796610169491,95.93220338983049,LowSpkCapacity
4430,60,0.0,87.21739130434783,12.782608695652172,0.0,100.0,LowSpkCapacity
4438,0,31.779661016949152,47.03389830508475,21.1864406779661,40.322580645161295,59.67741935483871,LowSpkCapacity
4438,30,0.5932203389830508,93.22033898305084,6.186440677966102,0.6323396567299008,99.3676603432701,LowSpkCapacity
4438,60,0.0847457627118644,95.6779661016949,4.23728813559322,0.08849557522123895,99.91150442477877,LowSpkCapacity
4432,0,27.13440405748098,34.234995773457314,38.63060016906171,44.214876033057855,55.78512396694215,LowSpkCapacity
4432,30,0.422654268808115,77.51479289940828,22.062552831783602,0.542299349240781,99.45770065075922,LowSpkCapacity
4432,60,0.0,83.00929839391378,16.990701606086223,0.0,100.0,LowSpkCapacity
2433,0,44.987146529562985,34.61868037703513,20.394173093401886,56.512378902045214,43.48762109795479,LowSpkCapacity
2433,30,27.849185946872325,55.78406169665809,16.36675235646958,33.29918032786886,66.70081967213115,LowSpkCapacity
2433,60,22.279348757497857,64.69580119965724,13.024850042844902,25.615763546798032,74.38423645320196,LowSpkCapacity
2434,0,38.98601398601399,36.18881118881119,24.825174825174827,51.86046511627907,48.13953488372093,LowSpkCapacity
2434,30,10.052447552447552,70.27972027972028,19.667832167832167,12.51360174102285,87.48639825897716,LowSpkCapacity
2434,60,0.08741258741258741,91.25874125874127,8.653846153846153,0.0956937799043062,99.90430622009569,LowSpkCapacity
4435,0,34.506437768240346,39.82832618025751,25.665236051502145,46.42032332563511,53.5796766743649,LowSpkCapacity
4435,30,0.7725321888412017,73.99141630901288,25.236051502145923,1.0332950631458095,98.9667049368542,LowSpkCapacity
4435,60,0.0,84.63519313304721,15.36480686695279,0.0,100.0,LowSpkCapacity
1439,0,34.9912739965096,35.86387434554974,29.144851657940663,49.38423645320197,50.61576354679803,LowSpkCapacity
1439,30,5.2356020942408374,80.0174520069808,14.74694589877836,6.1412487205731825,93.85875127942683,LowSpkCapacity
1439,60,0.2617801047120419,89.26701570680629,10.471204188481675,0.2923976608187134,99.70760233918128,LowSpkCapacity
1436,0,32.93103448275862,45.689655172413794,21.379310344827587,41.8859649122807,58.114035087719294,LowSpkCapacity
1436,30,2.1551724137931036,85.51724137931035,12.327586206896552,2.4582104228121926,97.5417895771878,LowSpkCapacity
1436,60,0.25862068965517243,95.0,4.741379310344827,0.2714932126696833,99.72850678733032,LowSpkCapacity
3433,0,34.470989761092156,37.96928327645051,27.559726962457336,47.58539458186102,52.41460541813898,LowSpkCapacity
3433,30,1.621160409556314,79.94880546075085,18.43003412969283,1.9874476987447698,98.01255230125523,LowSpkCapacity
3433,60,0.0,91.38225255972696,8.617747440273039,0.0,100.0,LowSpkCapacity
3434,0,33.30472103004291,39.65665236051502,27.038626609442062,45.64705882352941,54.352941176470594,LowSpkCapacity
3434,30,0.944206008583691,77.08154506437769,21.974248927038627,1.2101210121012098,98.78987898789879,LowSpkCapacity
3434,60,0.2575107296137339,88.8412017167382,10.90128755364807,0.2890173410404624,99.71098265895955,LowSpkCapacity
2439,0,30.086206896551726,46.03448275862069,23.879310344827587,39.52434881087203,60.47565118912798,LowSpkCapacity
2439,30,3.9655172413793105,73.70689655172413,22.32758620689655,5.105438401775805,94.89456159822419,LowSpkCapacity
2439,60,3.0172413793103448,83.53448275862068,13.448275862068964,3.48605577689243,96.51394422310756,LowSpkCapacity
3430,0,41.515934539190354,35.31438415159345,23.16968130921619,54.03587443946189,45.964125560538115,LowSpkCapacity
3430,30,6.890611541774333,69.4229112833764,23.68647717484927,9.029345372460499,90.9706546275395,LowSpkCapacity
3430,60,0.17226528854435832,91.12833763996555,8.699397071490095,0.18867924528301888,99.81132075471699,LowSpkCapacity
3435,0,37.05932932072227,40.32674118658641,22.613929492691316,47.888888888888886,52.11111111111111,LowSpkCapacity
3435,30,17.540842648323302,75.06448839208943,7.394668959587274,18.94150417827298,81.05849582172702,LowSpkCapacity
3435,60,5.932932072227,81.08340498710233,12.983662940670678,6.8181818181818175,93.18181818181817,LowSpkCapacity
3432,0,33.1063829787234,45.70212765957447,21.19148936170213,42.00863930885529,57.99136069114471,LowSpkCapacity
3432,30,0.0851063829787234,89.1063829787234,10.808510638297872,0.09541984732824427,99.90458015267177,LowSpkCapacity
3432,60,0.0851063829787234,90.8936170212766,9.02127659574468,0.09354536950420954,99.90645463049579,LowSpkCapacity
2437,0,44.38687392055268,37.13298791018998,18.48013816925734,54.44915254237289,45.55084745762712,LowSpkCapacity
2437,30,27.374784110535405,56.90846286701209,15.716753022452504,32.47950819672131,67.52049180327869,LowSpkCapacity
2437,60,13.989637305699482,75.12953367875647,10.880829015544041,15.69767441860465,84.30232558139534,LowSpkCapacity
1435,0,32.70223752151463,44.061962134251296,23.23580034423408,42.600896860986545,57.399103139013455,LowSpkCapacity
1435,30,0.17211703958691912,82.70223752151463,17.125645438898452,0.20768431983385255,99.79231568016614,LowSpkCapacity
1435,60,0.0,92.7710843373494,7.228915662650602,0.0,100.0,LowSpkCapacity
1438,0,40.893470790378004,40.20618556701031,18.900343642611684,50.42372881355932,49.57627118644068,LowSpkCapacity
1438,30,10.996563573883162,64.00343642611683,25.0,14.66208476517755,85.33791523482245,LowSpkCapacity
1438,60,2.3195876288659796,76.46048109965635,21.219931271477662,2.9443838604143955,97.05561613958561,LowSpkCapacity
4433,0,33.560477001703575,46.84838160136286,19.591141396933562,41.73728813559322,58.26271186440678,LowSpkCapacity
4433,30,2.0442930153321974,87.56388415672913,10.391822827938672,2.281368821292775,97.71863117870721,LowSpkCapacity
4433,60,0.08517887563884156,94.12265758091993,5.792163543441227,0.09041591320072331,99.90958408679927,LowSpkCapacity
4431,0,37.9757785467128,40.397923875432525,21.62629757785467,48.454746136865346,51.545253863134654,LowSpkCapacity
4431,30,27.768166089965398,50.60553633217994,21.62629757785467,35.430463576158935,64.56953642384107,LowSpkCapacity
4431,60,17.906574394463668,63.148788927335644,18.94463667820069,22.091782283884736,77.90821771611526,LowSpkCapacity
4437,0,44.483058210251954,34.144222415291054,21.372719374456995,56.57458563535911,43.425414364640886,LowSpkCapacity
4437,30,2.172024326672459,86.09904430929627,11.728931364031277,2.460629921259842,97.53937007874016,LowSpkCapacity
4437,60,0.1737619461337967,91.83318853171156,7.993049522154648,0.18885741265344666,99.81114258734655,LowSpkCapacity
4439,0,38.62660944206009,35.27896995708154,26.09442060085837,52.264808362369344,47.735191637630656,LowSpkCapacity
4439,30,6.7811158798283255,66.60944206008583,26.609442060085836,9.239766081871347,90.76023391812866,LowSpkCapacity
4439,60,2.317596566523605,86.00858369098712,11.67381974248927,2.6239067055393583,97.37609329446065,LowSpkCapacity
3439,0,30.960548885077188,46.483704974271014,22.5557461406518,39.97785160575858,60.02214839424141,LowSpkCapacity
3439,30,1.4579759862778732,89.10806174957119,9.433962264150944,1.6098484848484849,98.39015151515152,LowSpkCapacity
3439,60,0.08576329331046312,95.28301886792453,4.631217838765009,0.08992805755395683,99.91007194244604,LowSpkCapacity
1433,0,31.30360205831904,43.4819897084048,25.21440823327616,41.857798165137616,58.142201834862384,LowSpkCapacity
1433,30,0.6003430531732418,83.9622641509434,15.437392795883362,0.7099391480730222,99.29006085192698,LowSpkCapacity
1433,60,0.0,95.28301886792453,4.716981132075472,0.0,100.0,LowSpkCapacity
1437,0,34.835355285961874,44.62738301559792,20.537261698440208,43.838604143947656,56.161395856052344,LowSpkCapacity
1437,30,0.6932409012131715,84.92201039861352,14.384748700173311,0.8097165991902833,99.19028340080972,LowSpkCapacity
1437,60,0.0,91.85441941074524,8.145580589254767,0.0,100.0,LowSpkCapacity
2435,0,39.045183290707584,38.70417732310315,22.25063938618926,50.21929824561403,49.780701754385966,LowSpkCapacity
2435,30,0.5115089514066496,80.64791133844842,18.84057971014493,0.6302521008403361,99.36974789915965,LowSpkCapacity
2435,60,0.08525149190110827,89.25831202046037,10.656436487638533,0.09541984732824427,99.90458015267177,LowSpkCapacity
1434,0,32.93413173652694,42.94268605645851,24.123182207014544,43.40473506200676,56.59526493799323,LowSpkCapacity
1434,30,0.7698887938408896,81.52266894781864,17.70744225834046,0.9355509355509354,99.06444906444906,LowSpkCapacity
1434,60,0.2566295979469632,85.02994011976048,14.713430282292558,0.3009027081243731,99.69909729187562,LowSpkCapacity
3438,0,29.274611398963728,41.10535405872193,29.620034542314333,41.59509202453987,58.40490797546012,LowSpkCapacity
3438,30,0.9499136442141624,79.79274611398964,19.2573402417962,1.1764705882352942,98.82352941176471,LowSpkCapacity
3438,60,0.08635578583765112,90.58721934369602,9.32642487046632,0.09523809523809523,99.90476190476191,LowSpkCapacity
3437,0,39.64041095890411,41.43835616438356,18.92123287671233,48.89123548046463,51.10876451953538,LowSpkCapacity
3437,30,2.910958904109589,87.41438356164383,9.674657534246576,3.2227488151658767,96.77725118483413,LowSpkCapacity
3437,60,0.0,95.97602739726028,4.023972602739726,0.0,100.0,LowSpkCapacity
2436,0,44.086956521739125,36.26086956521739,19.652173913043477,54.87012987012987,45.12987012987013,LowSpkCapacity
2436,30,5.913043478260869,65.65217391304347,28.434782608695652,8.262454434993925,91.73754556500607,LowSpkCapacity
2436,60,0.26086956521739135,88.34782608695653,11.391304347826086,0.29440628066732094,99.70559371933267,LowSpkCapacity
2430,0,35.63416738567731,38.05004314063848,26.31578947368421,48.360655737704924,51.63934426229508,LowSpkCapacity
2430,30,17.25625539257981,69.11130284728215,13.63244176013805,19.980019980019982,80.01998001998003,LowSpkCapacity
2430,60,5.780845556514237,77.22174288179465,16.997411561691113,6.964656964656965,93.03534303534303,LowSpkCapacity
2438,0,31.313131313131315,38.97306397306397,29.713804713804713,44.55089820359281,55.44910179640718,LowSpkCapacity
2438,30,0.08417508417508417,85.6902356902357,14.225589225589225,0.09813542688910694,99.90186457311088,LowSpkCapacity
2438,60,0.0,96.46464646464646,3.535353535353535,0.0,100.0,LowSpkCapacity
4436,0,39.425587467362924,33.246301131418626,27.328111401218454,54.25149700598803,45.74850299401197,LowSpkCapacity
4436,30,2.4369016536118364,75.2828546562228,22.28024369016536,3.135498320268757,96.86450167973123,LowSpkCapacity
4436,60,0.0,83.98607484769364,16.013925152306356,0.0,100.0,LowSpkCapacity
3436,0,33.047210300429185,41.201716738197426,25.75107296137339,44.508670520231206,55.49132947976878,LowSpkCapacity
3436,30,1.6309012875536482,64.46351931330472,33.90557939914164,2.4675324675324677,97.53246753246752,LowSpkCapacity
3436,60,0.08583690987124463,91.84549356223177,8.068669527896995,0.09337068160597571,99.90662931839402,LowSpkCapacity
2432,0,40.20618556701031,38.659793814432994,21.1340206185567,50.98039215686274,49.01960784313725,LowSpkCapacity
2432,30,0.5154639175257731,84.27835051546391,15.206185567010309,0.6079027355623099,99.39209726443768,LowSpkCapacity
2432,60,0.0,96.99312714776632,3.006872852233677,0.0,100.0,LowSpkCapacity
2432,0,45.18900343642612,40.63573883161512,14.175257731958762,52.652652652652655,47.34734734734735,LowSpkCapacity_HighNoise
2432,30,0.5154639175257731,73.8831615120275,25.601374570446733,0.69284064665127,99.30715935334872,LowSpkCapacity_HighNoise
2432,60,0.0,92.9553264604811,7.0446735395189,0.0,100.0,LowSpkCapacity_HighNoise
4439,0,34.763948497854074,35.02145922746781,30.21459227467811,49.815498154981555,50.18450184501846,LowSpkCapacity_HighNoise
4439,30,0.7725321888412017,78.79828326180257,20.429184549356222,0.9708737864077671,99.02912621359224,LowSpkCapacity_HighNoise
4439,60,0.0,76.99570815450643,23.00429184549356,0.0,100.0,LowSpkCapacity_HighNoise
2433,0,30.505569837189373,31.276778063410454,38.217652099400176,49.375866851595,50.624133148404994,LowSpkCapacity_HighNoise
2433,30,8.397600685518423,58.09768637532133,33.50471293916024,12.628865979381443,87.37113402061854,LowSpkCapacity_HighNoise
2433,60,5.655526992287918,73.69323050556984,20.651242502142246,7.12742980561555,92.87257019438445,LowSpkCapacity_HighNoise
3438,0,37.392055267702936,42.05526770293609,20.552677029360964,47.06521739130435,52.93478260869565,LowSpkCapacity_HighNoise
3438,30,0.3454231433506045,76.25215889464594,23.402417962003454,0.4509582863585118,99.5490417136415,LowSpkCapacity_HighNoise
3438,60,0.0,91.10535405872193,8.894645941278066,0.0,100.0,LowSpkCapacity_HighNoise
2438,0,40.74074074074074,40.572390572390574,18.68686868686869,50.10351966873705,49.896480331262936,LowSpkCapacity_HighNoise
2438,30,0.6734006734006733,79.71380471380472,19.612794612794612,0.8376963350785338,99.16230366492145,LowSpkCapacity_HighNoise
2438,60,0.0,95.62289562289563,4.377104377104377,0.0,100.0,LowSpkCapacity_HighNoise
4433,0,40.971039182282794,42.759795570698465,16.269165247018737,48.93184130213633,51.06815869786369,LowSpkCapacity_HighNoise
4433,30,1.1073253833049403,85.34923339011925,13.543441226575808,1.2807881773399015,98.7192118226601,LowSpkCapacity_HighNoise
4433,60,0.0,88.67120954003407,11.328790459965928,0.0,100.0,LowSpkCapacity_HighNoise
1434,0,33.9606501283148,45.16680923866553,20.872540633019675,42.91891891891892,57.081081081081074,LowSpkCapacity_HighNoise
1434,30,0.2566295979469632,76.90333618477331,22.840034217279726,0.3325942350332594,99.66740576496673,LowSpkCapacity_HighNoise
1434,60,0.0,87.85286569717708,12.147134302822927,0.0,100.0,LowSpkCapacity_HighNoise
4437,0,40.74717636837533,43.440486533449175,15.8123370981755,48.40041279669764,51.59958720330238,LowSpkCapacity_HighNoise
4437,30,0.8688097306689836,74.37011294526499,24.76107732406603,1.1547344110854503,98.84526558891454,LowSpkCapacity_HighNoise
4437,60,0.0,85.57775847089488,14.422241529105126,0.0,100.0,LowSpkCapacity_HighNoise
2436,0,38.78260869565218,39.30434782608695,21.913043478260867,49.66592427616928,50.33407572383073,LowSpkCapacity_HighNoise
2436,30,2.086956521739131,65.39130434782608,32.52173913043478,3.09278350515464,96.90721649484537,LowSpkCapacity_HighNoise
2436,60,0.0,94.43478260869566,5.565217391304348,0.0,100.0,LowSpkCapacity_HighNoise
4436,0,39.59965187119234,35.42210617928633,24.978241949521323,52.78422273781903,47.21577726218097,LowSpkCapacity_HighNoise
4436,30,16.275021758050478,47.4325500435161,36.29242819843342,25.546448087431695,74.4535519125683,LowSpkCapacity_HighNoise
4436,60,2.8720626631853787,84.5082680591819,12.619669277632726,3.286852589641434,96.71314741035857,LowSpkCapacity_HighNoise
4432,0,32.967032967032964,42.096365173288255,24.936601859678785,43.91891891891891,56.08108108108109,LowSpkCapacity_HighNoise
4432,30,0.5071851225697379,36.34826711749788,63.14454775993238,1.3761467889908259,98.62385321100918,LowSpkCapacity_HighNoise
4432,60,0.0,86.22147083685545,13.778529163144547,0.0,100.0,LowSpkCapacity_HighNoise
1431,0,25.938566552901023,52.389078498293514,21.672354948805463,33.11546840958606,66.88453159041394,LowSpkCapacity_HighNoise
1431,30,0.08532423208191127,81.14334470989762,18.771331058020476,0.10504201680672269,99.89495798319327,LowSpkCapacity_HighNoise
1431,60,0.0,88.56655290102388,11.433447098976108,0.0,100.0,LowSpkCapacity_HighNoise
1436,0,38.189655172413794,36.206896551724135,25.603448275862068,51.33256083429896,48.66743916570104,LowSpkCapacity_HighNoise
1436,30,4.224137931034483,78.62068965517241,17.155172413793103,5.098855359001042,94.90114464099896,LowSpkCapacity_HighNoise
1436,60,0.7758620689655172,92.58620689655173,6.637931034482758,0.8310249307479223,99.16897506925207,LowSpkCapacity_HighNoise
3435,0,36.45743766122098,39.98280309544282,23.559759243336202,47.69403824521935,52.30596175478065,LowSpkCapacity_HighNoise
3435,30,1.8056749785038695,82.3731728288908,15.82115219260533,2.1450459652706844,97.85495403472932,LowSpkCapacity_HighNoise
3435,60,0.17196904557179707,95.70077386070507,4.12725709372313,0.17937219730941703,99.82062780269058,LowSpkCapacity_HighNoise
1432,0,36.58536585365854,46.17325483599664,17.24137931034483,44.207317073170735,55.79268292682927,LowSpkCapacity_HighNoise
1432,30,9.92430613961312,70.98402018502944,19.09167367535744,12.266112266112266,87.73388773388773,LowSpkCapacity_HighNoise
1432,60,3.8687973086627423,86.54331370899916,9.5878889823381,4.279069767441861,95.72093023255813,LowSpkCapacity_HighNoise
3439,0,20.754716981132077,47.59862778730704,31.646655231560892,30.363864491844417,69.63613550815559,LowSpkCapacity_HighNoise
3439,30,1.8867924528301887,84.13379073756431,13.979416809605489,2.193419740777667,97.80658025922233,LowSpkCapacity_HighNoise
3439,60,0.08576329331046312,90.73756432246999,9.176672384219554,0.0944287063267233,99.90557129367328,LowSpkCapacity_HighNoise
3430,0,40.74074074074074,36.261843238587424,22.997416020671835,52.9082774049217,47.0917225950783,LowSpkCapacity_HighNoise
3430,30,1.550387596899225,57.105943152454785,41.343669250645995,2.6431718061674006,97.35682819383258,LowSpkCapacity_HighNoise
3430,60,0.0,85.9603789836348,14.039621016365203,0.0,100.0,LowSpkCapacity_HighNoise
4434,0,34.62199312714777,42.439862542955325,22.938144329896907,44.92753623188406,55.072463768115945,LowSpkCapacity_HighNoise
4434,30,3.6941580756013748,61.34020618556701,34.965635738831615,5.680317040951122,94.31968295904886,LowSpkCapacity_HighNoise
4434,60,0.3436426116838488,91.75257731958763,7.903780068728522,0.3731343283582089,99.6268656716418,LowSpkCapacity_HighNoise
3434,0,33.47639484978541,40.51502145922747,26.008583690987123,45.24361948955916,54.75638051044084,LowSpkCapacity_HighNoise
3434,30,0.4291845493562232,83.09012875536482,16.48068669527897,0.513874614594039,99.48612538540597,LowSpkCapacity_HighNoise
3434,60,0.08583690987124463,88.58369098712447,11.330472103004292,0.0968054211035818,99.90319457889642,LowSpkCapacity_HighNoise
2437,0,34.715025906735754,33.93782383419689,31.34715025906736,50.56603773584906,49.433962264150935,LowSpkCapacity_HighNoise
2437,30,5.613126079447324,79.96545768566494,14.421416234887738,6.559031281533804,93.4409687184662,LowSpkCapacity_HighNoise
2437,60,0.08635578583765112,95.25043177892918,4.66321243523316,0.09057971014492754,99.90942028985506,LowSpkCapacity_HighNoise
1435,0,36.83304647160069,37.77969018932875,25.38726333907057,49.36562860438292,50.63437139561707,LowSpkCapacity_HighNoise
1435,30,0.4302925989672977,70.82616179001721,28.74354561101549,0.6038647342995168,99.39613526570048,LowSpkCapacity_HighNoise
1435,60,0.0,94.40619621342513,5.593803786574871,0.0,100.0,LowSpkCapacity_HighNoise
3436,0,17.510729613733904,39.91416309012876,42.57510729613734,30.49327354260089,69.50672645739911,LowSpkCapacity_HighNoise
3436,30,0.34334763948497854,67.55364806866953,32.103004291845494,0.5056890012642226,99.49431099873578,LowSpkCapacity_HighNoise
3436,60,0.0,81.71673819742489,18.283261802575108,0.0,100.0,LowSpkCapacity_HighNoise
3433,0,33.532423208191126,41.467576791808874,25.0,44.7098976109215,55.2901023890785,LowSpkCapacity_HighNoise
3433,30,0.8532423208191127,61.17747440273038,37.96928327645051,1.3755158184319118,98.62448418156808,LowSpkCapacity_HighNoise
3433,60,0.0,92.57679180887372,7.423208191126279,0.0,100.0,LowSpkCapacity_HighNoise
2431,0,37.177280550774526,45.78313253012048,17.03958691910499,44.81327800829876,55.18672199170125,LowSpkCapacity_HighNoise
2431,30,0.4302925989672977,66.35111876075732,33.218588640275385,0.6443298969072164,99.35567010309279,LowSpkCapacity_HighNoise
2431,60,0.0,91.13597246127367,8.864027538726333,0.0,100.0,LowSpkCapacity_HighNoise
2430,0,42.62295081967213,35.28904227782571,22.08800690250216,54.70653377630123,45.293466223698786,LowSpkCapacity_HighNoise
2430,30,6.38481449525453,68.76617773943055,24.849007765314926,8.495981630309988,91.50401836969002,LowSpkCapacity_HighNoise
2430,60,0.08628127696289906,95.68593615185505,4.227782571182054,0.0900900900900901,99.90990990990991,LowSpkCapacity_HighNoise
2434,0,25.08741258741259,33.39160839160839,41.52097902097902,42.89985052316891,57.100149476831085,LowSpkCapacity_HighNoise
2434,30,1.6608391608391608,80.33216783216784,18.006993006993007,2.0255863539445627,97.97441364605544,LowSpkCapacity_HighNoise
2434,60,0.08741258741258741,92.04545454545455,7.8671328671328675,0.09487666034155597,99.90512333965845,LowSpkCapacity_HighNoise
4431,0,31.314878892733567,37.45674740484429,31.228373702422147,45.53459119496856,54.46540880503146,LowSpkCapacity_HighNoise
4431,30,4.411764705882353,75.60553633217994,19.982698961937718,5.513513513513514,94.4864864864865,LowSpkCapacity_HighNoise
4431,60,0.08650519031141869,91.08996539792388,8.823529411764707,0.094876660341556,99.90512333965846,LowSpkCapacity_HighNoise
1430,0,35.33389687235841,42.01183431952663,22.65426880811496,45.68306010928961,54.31693989071038,LowSpkCapacity_HighNoise
1430,30,0.33812341504649196,86.0524091293322,13.609467455621301,0.3913894324853229,99.60861056751467,LowSpkCapacity_HighNoise
1430,60,0.0,96.7032967032967,3.296703296703297,0.0,100.0,LowSpkCapacity_HighNoise
1439,0,38.481675392670155,39.87783595113438,21.640488656195462,49.109131403118035,50.89086859688196,LowSpkCapacity_HighNoise
1439,30,5.7591623036649215,81.41361256544502,12.827225130890053,6.606606606606608,93.39339339339338,LowSpkCapacity_HighNoise
1439,60,0.4363001745200698,92.58289703315882,6.980802792321117,0.4690431519699812,99.53095684803002,LowSpkCapacity_HighNoise
4435,0,30.21459227467811,41.11587982832618,28.669527896995707,42.35860409145607,57.64139590854391,LowSpkCapacity_HighNoise
4435,30,0.17167381974248927,69.69957081545064,30.12875536480687,0.2457002457002457,99.75429975429975,LowSpkCapacity_HighNoise
4435,60,0.0,82.40343347639485,17.59656652360515,0.0,100.0,LowSpkCapacity_HighNoise
1437,0,29.376083188908147,49.04679376083189,21.577123050259967,37.4585635359116,62.5414364640884,LowSpkCapacity_HighNoise
1437,30,1.1265164644714039,83.44887348353552,15.424610051993067,1.3319672131147542,98.66803278688523,LowSpkCapacity_HighNoise
1437,60,0.0,95.32062391681109,4.679376083188909,0.0,100.0,LowSpkCapacity_HighNoise
1438,0,32.7319587628866,24.570446735395187,42.697594501718214,57.12143928035982,42.87856071964018,LowSpkCapacity_HighNoise
1438,30,5.841924398625429,46.391752577319586,47.766323024054984,11.18421052631579,88.81578947368422,LowSpkCapacity_HighNoise
1438,60,1.632302405498282,59.27835051546392,39.0893470790378,2.679830747531735,97.32016925246828,LowSpkCapacity_HighNoise
3432,0,23.74468085106383,50.04255319148936,26.21276595744681,32.17993079584775,67.82006920415225,LowSpkCapacity_HighNoise
3432,30,0.425531914893617,83.82978723404256,15.74468085106383,0.5050505050505051,99.49494949494951,LowSpkCapacity_HighNoise
3432,60,0.0,83.06382978723404,16.93617021276596,0.0,100.0,LowSpkCapacity_HighNoise
4438,0,38.89830508474576,45.593220338983045,15.508474576271187,46.038114343029086,53.96188565697091,LowSpkCapacity_HighNoise
4438,30,1.1016949152542372,88.64406779661017,10.254237288135592,1.227573182247403,98.77242681775259,LowSpkCapacity_HighNoise
4438,60,0.1694915254237288,97.03389830508475,2.7966101694915255,0.17436791630340018,99.8256320836966,LowSpkCapacity_HighNoise
2435,0,37.68115942028986,37.68115942028986,24.637681159420293,50.0,50.0,LowSpkCapacity_HighNoise
2435,30,0.3410059676044331,67.17817561807333,32.48081841432225,0.505050505050505,99.49494949494951,LowSpkCapacity_HighNoise
2435,60,0.0,87.7237851662404,12.27621483375959,0.0,100.0,LowSpkCapacity_HighNoise
1433,0,33.19039451114923,42.710120068610635,24.09948542024014,43.72881355932204,56.271186440677965,LowSpkCapacity_HighNoise
1433,30,0.42881646655231564,74.01372212692966,25.557461406518012,0.5760368663594471,99.42396313364054,LowSpkCapacity_HighNoise
1433,60,0.0,89.10806174957119,10.891938250428817,0.0,100.0,LowSpkCapacity_HighNoise
2439,0,31.379310344827587,38.53448275862069,30.086206896551726,44.88286066584463,55.11713933415536,LowSpkCapacity_HighNoise
2439,30,6.379310344827586,68.10344827586206,25.517241379310345,8.564814814814815,91.43518518518519,LowSpkCapacity_HighNoise
2439,60,3.0172413793103448,84.3103448275862,12.672413793103448,3.4550839091806513,96.54491609081934,LowSpkCapacity_HighNoise
3437,0,34.67465753424658,37.41438356164384,27.910958904109588,48.09976247030878,51.9002375296912,LowSpkCapacity_HighNoise
3437,30,0.684931506849315,83.21917808219177,16.095890410958905,0.8163265306122449,99.18367346938776,LowSpkCapacity_HighNoise
3437,60,0.0,93.06506849315068,6.934931506849315,0.0,100.0,LowSpkCapacity_HighNoise
4430,0,36.434782608695656,42.0,21.565217391304348,46.45232815964523,53.54767184035476,LowSpkCapacity_HighNoise
4430,30,2.4347826086956523,41.65217391304348,55.913043478260875,5.52268244575937,94.47731755424064,LowSpkCapacity_HighNoise
4430,60,0.0,63.65217391304348,36.347826086956516,0.0,100.0,LowSpkCapacity_HighNoise
3431,0,25.579399141630898,43.776824034334766,30.643776824034337,36.88118811881188,63.11881188118812,LowSpkCapacity_HighNoise
3431,30,0.08583690987124463,79.31330472103004,20.600858369098713,0.10810810810810811,99.89189189189189,LowSpkCapacity_HighNoise
3431,60,0.0,91.931330472103,8.068669527896995,0.0,100.0,LowSpkCapacity_HighNoise
3439,spk60,46.14065180102916,51.543739279588344,2.3156089193825045,47.23441615452151,52.76558384547849,BaseNoise
4436,spk60,47.4325500435161,48.912097476066144,3.6553524804177546,49.23215898825654,50.76784101174344,BaseNoise
2430,spk60,47.627264883520276,49.35289042277826,3.019844693701467,49.11032028469751,50.88967971530249,BaseNoise
2439,spk60,54.65517241379311,44.224137931034484,1.1206896551724137,55.274629468177864,44.72537053182214,BaseNoise
3438,spk60,51.38169257340242,45.25043177892919,3.3678756476683938,53.17247542448615,46.827524575513856,BaseNoise
3434,spk60,48.66952789699571,49.6137339055794,1.7167381974248928,49.519650655021834,50.48034934497817,BaseNoise
1437,spk60,55.19930675909879,42.98093587521664,1.8197573656845754,56.2224183583407,43.77758164165931,BaseNoise
3431,spk60,44.46351931330472,51.931330472103,3.6051502145922747,46.126447016918966,53.87355298308103,BaseNoise
4433,spk60,47.018739352640544,50.936967632027255,2.0442930153321974,48.0,52.0,BaseNoise
3435,spk60,53.1384350816853,44.96990541702493,1.8916595012897677,54.16301489921123,45.83698510078878,BaseNoise
1438,spk60,51.03092783505154,46.21993127147766,2.7491408934707904,52.473498233215544,47.52650176678445,BaseNoise
2436,spk60,49.913043478260875,47.73913043478261,2.3478260869565215,51.11308993766697,48.88691006233303,BaseNoise
3432,spk60,46.46808510638298,51.23404255319149,2.297872340425532,47.5609756097561,52.4390243902439,BaseNoise
1431,spk60,45.563139931740615,52.55972696245734,1.877133105802048,46.43478260869565,53.56521739130435,BaseNoise
3430,spk60,52.1102497846684,45.65030146425496,2.239448751076658,53.30396475770925,46.69603524229075,BaseNoise
1434,spk60,42.25834046193327,54.83319076133447,2.9084687767322497,43.52422907488987,56.47577092511013,BaseNoise
2432,spk60,49.48453608247423,46.735395189003434,3.7800687285223367,51.42857142857144,48.57142857142857,BaseNoise
4434,spk60,47.93814432989691,50.945017182130584,1.1168384879725086,48.47958297132928,51.52041702867072,BaseNoise
4437,spk60,49.087749782797566,48.82710686359687,2.0851433536055604,50.13309671694765,49.866903283052345,BaseNoise
1433,spk60,47.4271012006861,49.39965694682676,3.173241852487135,48.98139946855624,51.01860053144376,BaseNoise
2435,spk60,45.09803921568628,52.6001705029838,2.3017902813299234,46.160558464223385,53.83944153577661,BaseNoise
4439,spk60,50.042918454935624,49.09871244635193,0.8583690987124464,50.476190476190474,49.523809523809526,BaseNoise
2431,spk60,51.97934595524957,45.955249569707405,2.0654044750430294,53.075571177504386,46.92442882249561,BaseNoise
4430,spk60,50.8695652173913,46.34782608695652,2.782608695652174,52.32558139534884,47.67441860465117,BaseNoise
3433,spk60,48.72013651877133,49.14675767918089,2.1331058020477816,49.78204010462075,50.21795989537926,BaseNoise
2433,spk60,45.672664952870605,52.27077977720651,2.056555269922879,46.63167104111986,53.36832895888014,BaseNoise
1432,spk60,42.55677039529016,54.58368376787216,2.859545836837679,43.80952380952381,56.19047619047619,BaseNoise
3437,spk60,47.26027397260274,51.11301369863014,1.6267123287671232,48.04177545691906,51.958224543080945,BaseNoise
3436,spk60,52.53218884120172,43.776824034334766,3.6909871244635193,54.54545454545454,45.454545454545446,BaseNoise
4432,spk60,59.171597633136095,39.053254437869825,1.7751479289940828,60.24096385542168,39.75903614457831,BaseNoise
1436,spk60,45.43103448275862,51.810344827586206,2.7586206896551726,46.71985815602837,53.28014184397163,BaseNoise
2434,spk60,46.85314685314685,50.26223776223776,2.8846153846153846,48.244824482448244,51.755175517551756,BaseNoise
1430,spk60,54.01521555367709,43.956043956043956,2.0287404902789516,55.13373597929249,44.86626402070751,BaseNoise
1435,spk60,49.05335628227194,48.19277108433735,2.753872633390706,50.44247787610618,49.557522123893804,BaseNoise
4438,spk60,48.983050847457626,49.49152542372882,1.5254237288135595,49.741824440619624,50.25817555938038,BaseNoise
2437,spk60,45.07772020725388,52.331606217616574,2.5906735751295336,46.276595744680854,53.72340425531915,BaseNoise
4435,spk60,44.97854077253219,53.21888412017167,1.8025751072961373,45.80419580419581,54.1958041958042,BaseNoise
4431,spk60,48.26989619377163,49.48096885813148,2.249134948096886,49.380530973451336,50.61946902654867,BaseNoise
1439,spk60,50.34904013961605,46.33507853403142,3.315881326352531,52.075812274368225,47.924187725631775,BaseNoise
2438,spk60,52.77777777777778,45.033670033670035,2.1885521885521886,53.95869191049915,46.041308089500866,BaseNoise
1435,spk60,49.05335628227194,48.19277108433735,2.753872633390706,50.44247787610618,49.557522123893804,HighNoise
2430,spk60,47.627264883520276,49.35289042277826,3.019844693701467,49.11032028469751,50.88967971530249,HighNoise
4430,spk60,50.8695652173913,46.34782608695652,2.782608695652174,52.32558139534884,47.67441860465117,HighNoise
1437,spk60,55.19930675909879,42.98093587521664,1.8197573656845754,56.2224183583407,43.77758164165931,HighNoise
1438,spk60,51.03092783505154,46.21993127147766,2.7491408934707904,52.473498233215544,47.52650176678445,HighNoise
4434,spk60,47.93814432989691,50.945017182130584,1.1168384879725086,48.47958297132928,51.52041702867072,HighNoise
1433,spk60,47.4271012006861,49.39965694682676,3.173241852487135,48.98139946855624,51.01860053144376,HighNoise
3433,spk60,48.72013651877133,49.14675767918089,2.1331058020477816,49.78204010462075,50.21795989537926,HighNoise
3431,spk60,44.46351931330472,51.931330472103,3.6051502145922747,46.126447016918966,53.87355298308103,HighNoise
2434,spk60,46.85314685314685,50.26223776223776,2.8846153846153846,48.244824482448244,51.755175517551756,HighNoise
1439,spk60,50.34904013961605,46.33507853403142,3.315881326352531,52.075812274368225,47.924187725631775,HighNoise
2436,spk60,49.913043478260875,47.73913043478261,2.3478260869565215,51.11308993766697,48.88691006233303,HighNoise
4435,spk60,44.97854077253219,53.21888412017167,1.8025751072961373,45.80419580419581,54.1958041958042,HighNoise
4438,spk60,48.983050847457626,49.49152542372882,1.5254237288135595,49.741824440619624,50.25817555938038,HighNoise
3434,spk60,48.66952789699571,49.6137339055794,1.7167381974248928,49.519650655021834,50.48034934497817,HighNoise
4439,spk60,50.042918454935624,49.09871244635193,0.8583690987124464,50.476190476190474,49.523809523809526,HighNoise
3437,spk60,47.26027397260274,51.11301369863014,1.6267123287671232,48.04177545691906,51.958224543080945,HighNoise
3439,spk60,46.14065180102916,51.543739279588344,2.3156089193825045,47.23441615452151,52.76558384547849,HighNoise
3436,spk60,52.53218884120172,43.776824034334766,3.6909871244635193,54.54545454545454,45.454545454545446,HighNoise
3430,spk60,52.1102497846684,45.65030146425496,2.239448751076658,53.30396475770925,46.69603524229075,HighNoise
2431,spk60,51.97934595524957,45.955249569707405,2.0654044750430294,53.075571177504386,46.92442882249561,HighNoise
2435,spk60,45.09803921568628,52.6001705029838,2.3017902813299234,46.160558464223385,53.83944153577661,HighNoise
2432,spk60,49.48453608247423,46.735395189003434,3.7800687285223367,51.42857142857144,48.57142857142857,HighNoise
1430,spk60,54.01521555367709,43.956043956043956,2.0287404902789516,55.13373597929249,44.86626402070751,HighNoise
4436,spk60,47.4325500435161,48.912097476066144,3.6553524804177546,49.23215898825654,50.76784101174344,HighNoise
4437,spk60,49.087749782797566,48.82710686359687,2.0851433536055604,50.13309671694765,49.866903283052345,HighNoise
4433,spk60,47.018739352640544,50.936967632027255,2.0442930153321974,48.0,52.0,HighNoise
3438,spk60,51.38169257340242,45.25043177892919,3.3678756476683938,53.17247542448615,46.827524575513856,HighNoise
2438,spk60,52.77777777777778,45.033670033670035,2.1885521885521886,53.95869191049915,46.041308089500866,HighNoise
3432,spk60,46.46808510638298,51.23404255319149,2.297872340425532,47.5609756097561,52.4390243902439,HighNoise
2437,spk60,45.07772020725388,52.331606217616574,2.5906735751295336,46.276595744680854,53.72340425531915,HighNoise
2433,spk60,45.672664952870605,52.27077977720651,2.056555269922879,46.63167104111986,53.36832895888014,HighNoise
1436,spk60,45.43103448275862,51.810344827586206,2.7586206896551726,46.71985815602837,53.28014184397163,HighNoise
1431,spk60,45.563139931740615,52.55972696245734,1.877133105802048,46.43478260869565,53.56521739130435,HighNoise
1432,spk60,42.55677039529016,54.58368376787216,2.859545836837679,43.80952380952381,56.19047619047619,HighNoise
3435,spk60,53.1384350816853,44.96990541702493,1.8916595012897677,54.16301489921123,45.83698510078878,HighNoise
1434,spk60,42.25834046193327,54.83319076133447,2.9084687767322497,43.52422907488987,56.47577092511013,HighNoise
4432,spk60,59.171597633136095,39.053254437869825,1.7751479289940828,60.24096385542168,39.75903614457831,HighNoise
2439,spk60,54.65517241379311,44.224137931034484,1.1206896551724137,55.274629468177864,44.72537053182214,HighNoise
4431,spk60,48.26989619377163,49.48096885813148,2.249134948096886,49.380530973451336,50.61946902654867,HighNoise
4434,spk60,46.134020618556704,44.41580756013745,9.450171821305842,50.948766603415564,49.051233396584436,LowSpkCapacity
3439,spk60,39.79416809605489,49.914236706689536,10.291595197255575,44.35946462715105,55.640535372848944,LowSpkCapacity
3431,spk60,44.20600858369099,45.75107296137339,10.042918454935622,49.141221374045806,50.8587786259542,LowSpkCapacity
3437,spk60,42.38013698630137,47.17465753424658,10.445205479452055,47.323135755258136,52.67686424474187,LowSpkCapacity
4437,spk60,43.440486533449175,47.2632493483927,9.296264118158124,47.89272030651341,52.10727969348659,LowSpkCapacity
2438,spk60,44.612794612794616,44.52861952861953,10.85858585858586,50.04721435316336,49.95278564683664,LowSpkCapacity
2430,spk60,45.125107851596205,45.6427955133736,9.2320966350302,49.7148288973384,50.28517110266159,LowSpkCapacity
4436,spk60,48.04177545691906,41.166231505657095,10.791993037423847,53.85365853658537,46.146341463414636,LowSpkCapacity
2436,spk60,45.30434782608695,45.04347826086956,9.652173913043478,50.14436958614053,49.85563041385948,LowSpkCapacity
2437,spk60,48.79101899827288,43.523316062176164,7.68566493955095,52.85313376987839,47.1468662301216,LowSpkCapacity
3432,spk60,43.744680851063826,45.787234042553195,10.46808510638298,48.8593155893536,51.14068441064639,LowSpkCapacity
2439,spk60,43.53448275862069,45.60344827586207,10.86206896551724,48.8394584139265,51.160541586073506,LowSpkCapacity
4439,spk60,47.55364806866953,43.69098712446352,8.755364806866952,52.11665098777046,47.88334901222954,LowSpkCapacity
1431,spk60,43.77133105802048,46.2457337883959,9.982935153583618,48.62559241706161,51.37440758293839,LowSpkCapacity
3438,spk60,41.796200345423145,47.32297063903281,10.880829015544041,46.89922480620155,53.10077519379844,LowSpkCapacity
4430,spk60,44.69565217391304,42.26086956521739,13.043478260869565,51.39999999999999,48.6,LowSpkCapacity
2431,spk60,47.76247848537005,41.65232358003442,10.585197934595525,53.4167468719923,46.5832531280077,LowSpkCapacity
4431,spk60,41.95501730103806,46.71280276816609,11.332179930795848,47.3170731707317,52.6829268292683,LowSpkCapacity
1433,spk60,45.02572898799314,44.85420240137221,10.120068610634648,50.09541984732825,49.904580152671755,LowSpkCapacity
4433,spk60,41.14139693356048,49.23339011925042,9.625212947189098,45.523091423185676,54.47690857681432,LowSpkCapacity
1432,spk60,45.07989907485282,48.02354920100925,6.896551724137931,48.41915085817525,51.58084914182476,LowSpkCapacity
1437,spk60,44.280762564991335,49.220103986135186,6.499133448873485,47.35866543095459,52.64133456904542,LowSpkCapacity
1439,spk60,48.69109947643979,41.44851657940663,9.860383944153577,54.01742497579865,45.98257502420135,LowSpkCapacity
3433,spk60,46.2457337883959,43.9419795221843,9.812286689419796,51.27719962157049,48.72280037842952,LowSpkCapacity
3434,spk60,45.66523605150215,42.74678111587983,11.587982832618025,51.6504854368932,48.349514563106794,LowSpkCapacity
1436,spk60,41.37931034482759,48.10344827586207,10.517241379310345,46.24277456647399,53.75722543352601,LowSpkCapacity
2434,spk60,43.96853146853147,44.49300699300699,11.538461538461538,49.70355731225297,50.296442687747046,LowSpkCapacity
4435,spk60,41.802575107296136,46.60944206008584,11.587982832618025,47.28155339805825,52.71844660194175,LowSpkCapacity
1434,spk60,44.56800684345594,45.5945252352438,9.837467921300256,49.43074003795066,50.56925996204934,LowSpkCapacity
3430,spk60,51.59345391903531,37.89836347975883,10.508182601205856,57.65158806544755,42.34841193455245,LowSpkCapacity
1430,spk60,47.16821639898563,44.63229078613694,8.19949281487743,51.38121546961326,48.61878453038674,LowSpkCapacity
2432,spk60,49.91408934707904,40.292096219931274,9.793814432989691,55.333333333333336,44.66666666666666,LowSpkCapacity
3436,spk60,41.802575107296136,45.66523605150215,12.532188841201716,47.79195289499509,52.20804710500491,LowSpkCapacity
4438,spk60,45.593220338983045,45.847457627118644,8.559322033898304,49.86098239110287,50.13901760889713,LowSpkCapacity
2435,spk60,47.911338448422846,40.49445865302643,11.594202898550725,54.19479267116682,45.80520732883317,LowSpkCapacity
4432,spk60,44.46322907861369,43.11073541842772,12.42603550295858,50.77220077220077,49.227799227799224,LowSpkCapacity
1435,spk60,49.1394148020654,40.36144578313253,10.499139414802066,54.90384615384616,45.096153846153854,LowSpkCapacity
3435,spk60,45.74376612209802,45.65778159931212,8.598452278589853,50.04703668861713,49.95296331138288,LowSpkCapacity
2433,spk60,46.615252784918596,44.30162810625535,9.08311910882605,51.272384542884076,48.727615457115924,LowSpkCapacity
1438,spk60,46.04810996563574,42.01030927835052,11.941580756013746,52.29268292682926,47.70731707317073,LowSpkCapacity
3434,spk60,45.66523605150215,42.74678111587983,11.587982832618025,51.6504854368932,48.349514563106794,LowSpkCapacity_HighNoise
1431,spk60,43.77133105802048,46.2457337883959,9.982935153583618,48.62559241706161,51.37440758293839,LowSpkCapacity_HighNoise
3430,spk60,51.59345391903531,37.89836347975883,10.508182601205856,57.65158806544755,42.34841193455245,LowSpkCapacity_HighNoise
4433,spk60,41.14139693356048,49.23339011925042,9.625212947189098,45.523091423185676,54.47690857681432,LowSpkCapacity_HighNoise
4430,spk60,44.69565217391304,42.26086956521739,13.043478260869565,51.39999999999999,48.6,LowSpkCapacity_HighNoise
3432,spk60,43.744680851063826,45.787234042553195,10.46808510638298,48.8593155893536,51.14068441064639,LowSpkCapacity_HighNoise
4439,spk60,47.55364806866953,43.69098712446352,8.755364806866952,52.11665098777046,47.88334901222954,LowSpkCapacity_HighNoise
1439,spk60,48.69109947643979,41.44851657940663,9.860383944153577,54.01742497579865,45.98257502420135,LowSpkCapacity_HighNoise
2431,spk60,47.76247848537005,41.65232358003442,10.585197934595525,53.4167468719923,46.5832531280077,LowSpkCapacity_HighNoise
2436,spk60,45.30434782608695,45.04347826086956,9.652173913043478,50.14436958614053,49.85563041385948,LowSpkCapacity_HighNoise
3437,spk60,42.38013698630137,47.17465753424658,10.445205479452055,47.323135755258136,52.67686424474187,LowSpkCapacity_HighNoise
2438,spk60,44.612794612794616,44.52861952861953,10.85858585858586,50.04721435316336,49.95278564683664,LowSpkCapacity_HighNoise
4438,spk60,45.593220338983045,45.847457627118644,8.559322033898304,49.86098239110287,50.13901760889713,LowSpkCapacity_HighNoise
1430,spk60,47.16821639898563,44.63229078613694,8.19949281487743,51.38121546961326,48.61878453038674,LowSpkCapacity_HighNoise
3438,spk60,41.796200345423145,47.32297063903281,10.880829015544041,46.89922480620155,53.10077519379844,LowSpkCapacity_HighNoise
2432,spk60,49.91408934707904,40.292096219931274,9.793814432989691,55.333333333333336,44.66666666666666,LowSpkCapacity_HighNoise
1438,spk60,46.04810996563574,42.01030927835052,11.941580756013746,52.29268292682926,47.70731707317073,LowSpkCapacity_HighNoise
2435,spk60,47.911338448422846,40.49445865302643,11.594202898550725,54.19479267116682,45.80520732883317,LowSpkCapacity_HighNoise
2437,spk60,48.79101899827288,43.523316062176164,7.68566493955095,52.85313376987839,47.1468662301216,LowSpkCapacity_HighNoise
4434,spk60,46.134020618556704,44.41580756013745,9.450171821305842,50.948766603415564,49.051233396584436,LowSpkCapacity_HighNoise
3431,spk60,44.20600858369099,45.75107296137339,10.042918454935622,49.141221374045806,50.8587786259542,LowSpkCapacity_HighNoise
4435,spk60,41.802575107296136,46.60944206008584,11.587982832618025,47.28155339805825,52.71844660194175,LowSpkCapacity_HighNoise
3433,spk60,46.2457337883959,43.9419795221843,9.812286689419796,51.27719962157049,48.72280037842952,LowSpkCapacity_HighNoise
3436,spk60,41.802575107296136,45.66523605150215,12.532188841201716,47.79195289499509,52.20804710500491,LowSpkCapacity_HighNoise
1436,spk60,41.37931034482759,48.10344827586207,10.517241379310345,46.24277456647399,53.75722543352601,LowSpkCapacity_HighNoise
3435,spk60,45.74376612209802,45.65778159931212,8.598452278589853,50.04703668861713,49.95296331138288,LowSpkCapacity_HighNoise
1433,spk60,45.02572898799314,44.85420240137221,10.120068610634648,50.09541984732825,49.904580152671755,LowSpkCapacity_HighNoise
3439,spk60,39.79416809605489,49.914236706689536,10.291595197255575,44.35946462715105,55.640535372848944,LowSpkCapacity_HighNoise
2430,spk60,45.125107851596205,45.6427955133736,9.2320966350302,49.7148288973384,50.28517110266159,LowSpkCapacity_HighNoise
4437,spk60,43.440486533449175,47.2632493483927,9.296264118158124,47.89272030651341,52.10727969348659,LowSpkCapacity_HighNoise
1435,spk60,49.1394148020654,40.36144578313253,10.499139414802066,54.90384615384616,45.096153846153854,LowSpkCapacity_HighNoise
4436,spk60,48.04177545691906,41.166231505657095,10.791993037423847,53.85365853658537,46.146341463414636,LowSpkCapacity_HighNoise
2433,spk60,46.615252784918596,44.30162810625535,9.08311910882605,51.272384542884076,48.727615457115924,LowSpkCapacity_HighNoise
2439,spk60,43.53448275862069,45.60344827586207,10.86206896551724,48.8394584139265,51.160541586073506,LowSpkCapacity_HighNoise
1437,spk60,44.280762564991335,49.220103986135186,6.499133448873485,47.35866543095459,52.64133456904542,LowSpkCapacity_HighNoise
1432,spk60,45.07989907485282,48.02354920100925,6.896551724137931,48.41915085817525,51.58084914182476,LowSpkCapacity_HighNoise
2434,spk60,43.96853146853147,44.49300699300699,11.538461538461538,49.70355731225297,50.296442687747046,LowSpkCapacity_HighNoise
1434,spk60,44.56800684345594,45.5945252352438,9.837467921300256,49.43074003795066,50.56925996204934,LowSpkCapacity_HighNoise
4431,spk60,41.95501730103806,46.71280276816609,11.332179930795848,47.3170731707317,52.6829268292683,LowSpkCapacity_HighNoise
4432,spk60,44.46322907861369,43.11073541842772,12.42603550295858,50.77220077220077,49.227799227799224,LowSpkCapacity_HighNoise
